wallet,username,tier,score,mints
0x75775181080b3684cc3be770ba070d1ecc1ec50d,tut,Legend,265100,20
0x76500b6a6c640ae7b695ef049f20d24a2ca476df,uncle,Legend,105100,20
0x4ac9a97b3edb3f11b5ca91d8de9468cf4882a7af,debuddha,Whale,60350,10
0x0619e9c5e7ac9f1c831eddea02f4b19f32a7d272,Sickaspen,Whale,56300,10
0x5c75ed5beb9a43b68fae73706908b2fdf497f4a0,zeus,Whale,55450,10
0x654deb4deb0c7481b7af084c4896d635f20ca648,paulnty,Whale,44250,10
0x0fd7e54a44146a4e42f325444c488f721e1bec47,Awais,Whale,39000,10
0x127d27713ab64494d1b7bec0b2d6223cc0c66fe6,d00bs,Whale,35500,10
0xad64d9211b2ce1d8f671ed8c4d60bf77c52ed0cd,Attricus,Whale,34650,10
0x3cae83edac8296ee33293a80c6ba0f01741d245f,Gerryscrypto,Whale,34100,10
0x50fc97cfd7e6f40bad44699c347e1d35bc0bc744,Dexter,Whale,33850,10
0xe88369236cd06c7075733acb19473730ec8331fe,syrup,Whale,32300,10
0xb2f9b85b8ad7e2ba37c076501b03b842c1409878,dino,Whale,31100,10
0x2f2699e359500f5de8ace81567a165dba99a2be2,Dzen,Whale,30850,10
0x207d4af00d8a52c57abecc0cac0684a4199598cf,v101,Whale,30450,10
0x7e36c0afa568c014a3c0d88a8cb0b83219a3a13a,Broncinbuck,Whale,29350,10
0x82de411ab5e6fb97d5cb81d53d559ae25e611457,Gh0stcutt3r,Whale,26950,10
0x546ea1ee5ae23b6085170e82430af87e1f7787c5,Isaic,Whale,25350,10
0x622c3f5c509a8f1319bb5f851e7b609628d43b95,woodsy,Collector,24250,3
0x3da7b8a0353fb926168a2464ffc4160be49b903b,nilyass,Collector,23950,3
0xb970545635d336883f55ebd5e72aabd63c1524f7,sharkmeme,Collector,22450,3
0xd53f450865fc6ea2d9bf38231aac358eeb137c84,happylolohappy,Collector,21550,3
0xffe296bbbc86dfac056b42c6180d9f8b4cb412aa,dub,Collector,21450,3
0x7e69aa5c7a4a9f7e37594c3da71a918c218ea401,aranya,Collector,18950,3
0x82982c3b947988d4b3d8c0f15865b1312f8e3cc3,Bantam,Collector,18450,3
0x4d43b234b645972785f11c56bd5bf078aa9468cd,tjgeez,Collector,18000,3
0x20286b5a70d9d96fe60162855bfdccaea591d5d3,Schlorki,Collector,17500,3
0xca4c63ca6c9b9a45b8b296733151fa034144c182,Jadedsun1,Collector,16500,3
0x1099dee69872abcc57397072782f111d8afb7e9d,goldberg,Collector,15000,3
0x6afae90037a9e02ccd72ceeb1781d0d190172c84,bunnykins,Collector,14500,3
0xa41d7cca4f220c286cf1b6d408882aca4dd3130d,knightt,Collector,14000,3
0x7c54b32219fa879bff62e55d00a81c9b59c1fc99,gay,Collector,13500,3
0x0824dd5cc7e27a1fb400e9e54baaf3bf8da793d0,RedKroh,Collector,13500,3
0x688847fc6addd42f176080ed2081bbb67c276408,CrazyNorth,Collector,13400,3
0xba5bea299050d786118ad6326e1a9c2a7cfba71e,Zera,Collector,13000,3
0x99db44a434089abf7d5238f9683394405119572e,Dennis,Collector,12600,3
0x1f38fa918c8e565f3065fca9882723fbc2c92c38,mikalaila,Collector,12500,3
0xec7fb8075a8f06be74c3a02fabb410395341b96c,slowmode,Collector,12300,3
0x4032ab8d5cced1444240c7b973f36d712981fb00,mozzy,Collector,11500,3
0x7509edcb562d473244f22376424fb49473fd8055,Pitoc,Collector,11450,3
0x6a52f2b1ea5082bfadbe90ffc83cbd813cfdc0ef,Lynx,Collector,11000,3
0x1b4862f983aa573518b612f1bb1579f4b02796cb,0xjack,Collector,11000,3
0x95eaf995f5e095586214b1f5c0e3c3a2508d866d,archivum,Collector,10850,3
0x9a1e90c4a6bc896b4fefd019bd4f3a67cfcea544,Salman,Collector,10850,3
0xf53edfaa94fdddbaf744195f56957919596134ad,MCG,Collector,10450,3
0x557bc5ba884d990f543d332c41c5361305d9b086,b086,Collector,8000,3
0x49d37bea89a69d29892da2483302e429092a4809,xander,Collector,6100,3
0x3d6f6043ffc09ad396535cdfacb6e4bc47668e02,kvaka65,Collector,6100,3
0x89043fb8c59509602c370f83c9ab6008f88f6aa4,philthy,Collector,5600,3
0x3aedb97569ad578038498af46f071045b1f36476,0xvinhpham,Collector,5500,3
0xedc5c453d846f11b8112d0aa3359ea29393b8c63,Maydo,Collector,5500,3
0x194175b405822622f1784b9e13f8ffb24b283721,CrypLykos,Collector,5500,3
0xa2b2f10a3c542fed3a53654cca97d34f628f55e3,Major,Collector,5500,3
0x608f099e29c2c3ac0a612593823d0ff82f156256,slim,Collector,5500,3
0xde5054899e767c3f3ff362f94da545642ba03f3c,ezybrezy,Collector,5000,3
0x0880a33c861e93802ef66e3124dd82d35dd390de,only__violet,Collector,5000,3
0x074a28454fd748f48b29a1664327ec4da5e252c8,learnoor,Collector,5000,3
0x9fa38a87463d01f2238aed41f85e8c2f8603b94c,TheSimp,Collector,5000,3
0xf028cad7afc6623e017616d9aacfd6ce81c17bd5,tomo,Collector,5000,3
0x8255b017bdce0169bfb2712e6c2f0ddd84bcc4bd,Rygon,Collector,5000,3
0x77fabb24d656cc08153309ca9fd9e9c41c6c2005,stepdad_67,Holder,4800,1
0x0cef7feff37208e1295ac6537445a9b5bc566fd5,bloodredfrog,Holder,4800,1
0x8ed6b33043470497b6803ef126234ebb0d764e44,PetrAnto,Holder,4700,1
0xb29479ef88dfff8dac466cf6c716e7985c4241c5,benzwong,Holder,4500,1
0x8571eeab30d3329b2927c243011b6e1440ecdde9,Ilias,Holder,4500,1
0xc8ba727b87e914732e29bf91c34b302ba37da29e,Cycy,Holder,4500,1
0x277d976de6c9db3f0db3ad2fb9ecaf3581df84ff,LYLN,Holder,3100,1
0x34cee61443ab4db530202f320b50f96f6ce913a1,aishi,Holder,2700,1
0x0df016b7570622f0f67557d2a931e38b4af7b247,wenny,Holder,2700,1
0x398e87bfa425b985a08a1299ea89ec94a0bd1263,Nexory,Holder,2600,1
0xbb0681e131d704cb86bda625a730c7866e262a3a,Doclulu,Holder,2600,1
0x6b835fca4ab2bea3b6d781db4d3d52c091e99c36,silver,Holder,2600,1
0xe71e6cf4cd2a3f8ffba95377f950eda43e8d565d,0xe71,Holder,2500,1
0xecfc8f120cb5ee3c334e46fea0154f28f4a39539,crag,Holder,2000,1
0x764cc130e8d66a3c1af45b41d57c17eb69f1c141,Saxon,Holder,2000,1
0x0dc3615b60f3afc8b0a003fe82d8dd7845e00d34,crzdg,Holder,2000,1
0x193641ea463c3b9244cf9f00b77ee5220d4154e9,archtuxfan,Holder,2000,1
0xe14ca0632c5430abddd40ba077da5fba8821a950,Kraken,Holder,2000,1
0xaf894921a9f6e24048bab7fbeca4819bce77c2b5,radtanapan,Holder,2000,1
0xb9b4080ee5e800e041e9d2983b027affc0a18ee5,ROMI,Holder,2000,1
0x8d4d78cce63e93290c5120df2fb6f50a740b29fb,KaoTUT,Holder,2000,1
0x1758efa115f0dcd4e1a551251e38a1d41438c4a3,Como,Holder,2000,1
0xc30ed6aca855aefc3858c9fa48ff0b8d9dd6f17c,onegeex,Holder,1600,1
0xa2148e0da9af09af0c57d8dc219c84225a97f0ff,yhwheth,Holder,1600,1
0xc5357b7a529c2dbfbcbe24f7ec4678f8d1b56b9f,wessa,Holder,1600,1
0x310ca0818f3284ba2e10dd7139f36f5cd7256e09,DrSabonad,Holder,1000,1
0x5f796413fbfb0cd851857b922087901bfe5bc83f,boran,Holder,1000,1
0x0ca20bb767a53881ca599d8bd1de944cf85a7779,gladiator,Holder,1000,1
0x0ce80f5f413d2994416ebfe448a272af5441931a,blvckishh,Holder,1000,1
0x702094a1ac85a4ae93940f92d672754910310238,0xdgw,Holder,1000,1
0x521cf3426f84d21426da08043e5a23ec523e6f29,babibu,Holder,500,1
0x7d056e74bc6dbf79896aad30466346315d156e66,otis,Holder,500,1
0x58487ee14833c659a925da0653b41d91387967e0,1amjuggernaut,Holder,500,1
0x95ab496348ec63a56cd99e8fc6da85f4cf5a1ff2,bashil,Holder,500,1
0x0cdc9bded6b23909d2998d37c0a1f8d00cf73fbd,huynd90,Holder,500,1
0x761f99d9e31d251a849282e439e564df1dbee858,Rebecca,Holder,500,1
0xc099e2cb1f18c66e3bb82fa0c1145e2883541863,grr,Holder,500,1
0xedbebb8ad859f2540804fd4c2eccc02df14ac852,poezd,Holder,500,1
0x167f906c7ecb99c1ab819e436caa28afe684ed63,Bangsand,Holder,500,1
0xc0b489abd5524b350d07de50d81e9a4acae9dc0e,mortan,Holder,500,1
0xd8936e602e38dfee5d6466865068b94b1943debf,forexus,Holder,500,1
0x2151d9bdb6cae040a8ec852d9be29d3f47a6959c,BPogac,Holder,500,1
0xda98615359b30b0deee51efbfdeadb2d880533c0,Emma,Holder,500,1
0xfd333d794b8d54e2d1bdc30347fe21bc371763e4,frekcz,Holder,500,1
0xf33357cb519eb9e3d483f2e92a8c9e86977ec55f,Dannfox,Holder,500,1
0xe86ad406daa99e876f592895d99ba9b2e4a5df81,pafthefrenchy,Holder,500,1
0x511f0b2f1d133eddf0f22e0debbd04ed37027035,lia,Holder,500,1
0x8d9a4ace1f4a569798dceae07cf4f93156726aa3,Brayan,Holder,200,1
0x352f8a0bd1f17e13980706ea4f11d1e6c9282c42,betmanjoe,Holder,200,1
0x73f6055c2d4e7c5c094ee29618142f217be44ea6,walirt,Unscored,0,0
0xaa68779177fa739ae63f24a2f5ed3f9f752e00af,steevun,Unscored,0,0
0xe12279a64872aece1ab82ca30a0da95dd260ca66,Raaru,Unscored,0,0
0xe2a33e7a38660071fda0e578f842dda87f012aa7,Jeeya,Unscored,0,0
0x4e848cb280ba065f44e64f923a78a52141033f09,Cobra,Unscored,0,0
0x04599f6285dcff4dacf7ab12ee23978b79732588,tutututut,Unscored,0,0
0x2cb296048f52424eb3f5bedff035f7c4d6dd9396,umutcan,Unscored,0,0
0xde3a26e462962a95e9f4805cffb2dc7e5bc69558,abdxbt,Unscored,0,0
0x74317e2e667de3c574f5893bd71fcc1f76ef1813,Swigsy,Unscored,0,0
